{
    "D0": 2.5,
    "length": 10.0,
    "rho": 0.0,
    "time": 100.0,
    "k_samples": 50,
    "ka_max": 15.707963267948966,
    "k": [
        [
            0.001,
            0.0,
            0.0
        ],
        [
            0.033036659730508094,
            0.0,
            0.0
        ],
        [
            0.06507331946101619,
            0.0,
            0.0
        ],
        [
            0.09710997919152428,
            0.0,
            0.0
        ],
        [
            0.12914663892203238,
            0.0,
            0.0
        ],
        [
            0.16118329865254047,
            0.0,
            0.0
        ],
        [
            0.19321995838304856,
            0.0,
            0.0
        ],
        [
            0.22525661811355666,
            0.0,
            0.0
        ],
        [
            0.25729327784406475,
            0.0,
            0.0
        ],
        [
            0.2893299375745728,
            0.0,
            0.0
        ],
        [
            0.32136659730508094,
            0.0,
            0.0
        ],
        [
            0.35340325703558906,
            0.0,
            0.0
        ],
        [
            0.3854399167660971,
            0.0,
            0.0
        ],
        [
            0.4174765764966052,
            0.0,
            0.0
        ],
        [
            0.4495132362271133,
            0.0,
            0.0
        ],
        [
            0.48154989595762143,
            0.0,
            0.0
        ],
        [
            0.5135865556881295,
            0.0,
            0.0
        ],
        [
            0.5456232154186376,
            0.0,
            0.0
        ],
        [
            0.5776598751491456,
            0.0,
            0.0
        ],
        [
            0.6096965348796538,
            0.0,
            0.0
        ],
        [
            0.6417331946101619,
            0.0,
            0.0
        ],
        [
            0.6737698543406699,
            0.0,
            0.0
        ],
        [
            0.7058065140711781,
            0.0,
            0.0
        ],
        [
            0.7378431738016862,
            0.0,
            0.0
        ],
        [
            0.7698798335321942,
            0.0,
            0.0
        ],
        [
            0.8019164932627023,
            0.0,
            0.0
        ],
        [
            0.8339531529932104,
            0.0,
            0.0
        ],
        [
            0.8659898127237186,
            0.0,
            0.0
        ],
        [
            0.8980264724542266,
            0.0,
            0.0
        ],
        [
            0.9300631321847347,
            0.0,
            0.0
        ],
        [
            0.9620997919152429,
            0.0,
            0.0
        ],
        [
            0.9941364516457509,
            0.0,
            0.0
        ],
        [
            1.0261731113762589,
            0.0,
            0.0
        ],
        [
            1.058209771106767,
            0.0,
            0.0
        ],
        [
            1.090246430837275,
            0.0,
            0.0
        ],
        [
            1.1222830905677832,
            0.0,
            0.0
        ],
        [
            1.1543197502982911,
            0.0,
            0.0
        ],
        [
            1.1863564100287993,
            0.0,
            0.0
        ],
        [
            1.2183930697593075,
            0.0,
            0.0
        ],
        [
            1.2504297294898155,
            0.0,
            0.0
        ],
        [
            1.2824663892203236,
            0.0,
            0.0
        ],
        [
            1.3145030489508318,
            0.0,
            0.0
        ],
        [
            1.3465397086813398,
            0.0,
            0.0
        ],
        [
            1.378576368411848,
            0.0,
            0.0
        ],
        [
            1.4106130281423561,
            0.0,
            0.0
        ],
        [
            1.442649687872864,
            0.0,
            0.0
        ],
        [
            1.4746863476033722,
            0.0,
            0.0
        ],
        [
            1.5067230073338802,
            0.0,
            0.0
        ],
        [
            1.5387596670643884,
            0.0,
            0.0
        ],
        [
            1.5707963267948966,
            0.0,
            0.0
        ]
    ],
    "Mkt": [
        0.9787115245871859,
        0.8128695022125201,
        0.4785214409396205,
        0.20297520586266316,
        0.06397518220662131,
        0.015773209789942014,
        0.003304184718731883,
        0.0006695299594450682,
        0.00015910846588930414,
        5.6839791550846925e-05,
        3.8540567403756684e-05,
        5.3496037883016295e-05,
        0.0001326891602794004,
        0.0004623830129326931,
        0.0018011092506875202,
        0.00661837771868624,
        0.020473569026485026,
        0.04953896506235185,
        0.0895097922565607,
        0.11744532364839284,
        0.11029320009956678,
        0.07387677521896069,
        0.03555057504729847,
        0.012532511526959953,
        0.0033548283485901826,
        0.0007240083096216679,
        0.00013869542139150138,
        2.7384192146380984e-05,
        6.899256120152716e-06,
        2.8487147966209673e-06,
        2.347535649226825e-06,
        3.761968312631042e-06,
        9.798475528211675e-06,
        3.2617829950484195e-05,
        0.00011333757404774328,
        0.00035640775348303464,
        0.0009237594387394695,
        0.0018597055054706748,
        0.002804466087584163,
        0.0031048367588703365,
        0.002504175104213384,
        0.0014762650453420993,
        0.0006456662880912015,
        0.00021572074883018308,
        5.7832414678019744e-05,
        1.3459705393664032e-05,
        3.0741391428264685e-06,
        8.262706059992684e-07,
        3.314052298692582e-07,
        2.4968201196185005e-07
    ]
}