{
    "D0": 2.5,
    "length": 10.0,
    "rho": 0.0,
    "time": 3.0,
    "k_samples": 50,
    "ka_max": 15.707963267948966,
    "k": [
        [
            0.001,
            0.0,
            0.0
        ],
        [
            0.033036659730508094,
            0.0,
            0.0
        ],
        [
            0.06507331946101619,
            0.0,
            0.0
        ],
        [
            0.09710997919152428,
            0.0,
            0.0
        ],
        [
            0.12914663892203238,
            0.0,
            0.0
        ],
        [
            0.16118329865254047,
            0.0,
            0.0
        ],
        [
            0.19321995838304856,
            0.0,
            0.0
        ],
        [
            0.22525661811355666,
            0.0,
            0.0
        ],
        [
            0.25729327784406475,
            0.0,
            0.0
        ],
        [
            0.2893299375745728,
            0.0,
            0.0
        ],
        [
            0.32136659730508094,
            0.0,
            0.0
        ],
        [
            0.35340325703558906,
            0.0,
            0.0
        ],
        [
            0.3854399167660971,
            0.0,
            0.0
        ],
        [
            0.4174765764966052,
            0.0,
            0.0
        ],
        [
            0.4495132362271133,
            0.0,
            0.0
        ],
        [
            0.48154989595762143,
            0.0,
            0.0
        ],
        [
            0.5135865556881295,
            0.0,
            0.0
        ],
        [
            0.5456232154186376,
            0.0,
            0.0
        ],
        [
            0.5776598751491456,
            0.0,
            0.0
        ],
        [
            0.6096965348796538,
            0.0,
            0.0
        ],
        [
            0.6417331946101619,
            0.0,
            0.0
        ],
        [
            0.6737698543406699,
            0.0,
            0.0
        ],
        [
            0.7058065140711781,
            0.0,
            0.0
        ],
        [
            0.7378431738016862,
            0.0,
            0.0
        ],
        [
            0.7698798335321942,
            0.0,
            0.0
        ],
        [
            0.8019164932627023,
            0.0,
            0.0
        ],
        [
            0.8339531529932104,
            0.0,
            0.0
        ],
        [
            0.8659898127237186,
            0.0,
            0.0
        ],
        [
            0.8980264724542266,
            0.0,
            0.0
        ],
        [
            0.9300631321847347,
            0.0,
            0.0
        ],
        [
            0.9620997919152429,
            0.0,
            0.0
        ],
        [
            0.9941364516457509,
            0.0,
            0.0
        ],
        [
            1.0261731113762589,
            0.0,
            0.0
        ],
        [
            1.058209771106767,
            0.0,
            0.0
        ],
        [
            1.090246430837275,
            0.0,
            0.0
        ],
        [
            1.1222830905677832,
            0.0,
            0.0
        ],
        [
            1.1543197502982911,
            0.0,
            0.0
        ],
        [
            1.1863564100287993,
            0.0,
            0.0
        ],
        [
            1.2183930697593075,
            0.0,
            0.0
        ],
        [
            1.2504297294898155,
            0.0,
            0.0
        ],
        [
            1.2824663892203236,
            0.0,
            0.0
        ],
        [
            1.3145030489508318,
            0.0,
            0.0
        ],
        [
            1.3465397086813398,
            0.0,
            0.0
        ],
        [
            1.378576368411848,
            0.0,
            0.0
        ],
        [
            1.4106130281423561,
            0.0,
            0.0
        ],
        [
            1.442649687872864,
            0.0,
            0.0
        ],
        [
            1.4746863476033722,
            0.0,
            0.0
        ],
        [
            1.5067230073338802,
            0.0,
            0.0
        ],
        [
            1.5387596670643884,
            0.0,
            0.0
        ],
        [
            1.5707963267948966,
            0.0,
            0.0
        ]
    ],
    "Mkt": [
        0.9788845793158069,
        0.972911486322772,
        0.9559325721893727,
        0.9286246908753437,
        0.8920538096354533,
        0.8476023070884677,
        0.7968776383788059,
        0.7416108352130797,
        0.6835538166108768,
        0.624383987034945,
        0.5661324796824343,
        0.5093114179047731,
        0.45525202008494015,
        0.40471296522319966,
        0.35818557487509584,
        0.3159163232259075,
        0.2779416827492256,
        0.24413036198699026,
        0.2142281958282808,
        0.18790159478188048,
        0.1647763949052706,
        0.14447001557296257,
        0.12661588575075566,
        0.11088002962037076,
        0.09697043641453551,
        0.08464034312167602,
        0.0736868322166593,
        0.06394621558118511,
        0.05528758264570422,
        0.047605685365852114,
        0.040865911724643905,
        0.034928399457542995,
        0.029732620859988894,
        0.025219538803148405,
        0.021331590035180974,
        0.01801180822140318,
        0.015203749567943146,
        0.012851947319780873,
        0.010902645395952813,
        0.009304606102923423,
        0.008009841232030652,
        0.006974170997392765,
        0.006157564848898419,
        0.005524258377123994,
        0.005042669701802146,
        0.004685157002560711,
        0.004427667461383654,
        0.004249328720912347,
        0.004132029107076337,
        0.004060024312337423
    ]
}