{
    "D0": 2.5,
    "length": 10.0,
    "rho": 0.0,
    "time": 60.0,
    "k_samples": 50,
    "ka_max": 15.707963267948966,
    "k": [
        [
            0.001,
            0.0,
            0.0
        ],
        [
            0.033036659730508094,
            0.0,
            0.0
        ],
        [
            0.06507331946101619,
            0.0,
            0.0
        ],
        [
            0.09710997919152428,
            0.0,
            0.0
        ],
        [
            0.12914663892203238,
            0.0,
            0.0
        ],
        [
            0.16118329865254047,
            0.0,
            0.0
        ],
        [
            0.19321995838304856,
            0.0,
            0.0
        ],
        [
            0.22525661811355666,
            0.0,
            0.0
        ],
        [
            0.25729327784406475,
            0.0,
            0.0
        ],
        [
            0.2893299375745728,
            0.0,
            0.0
        ],
        [
            0.32136659730508094,
            0.0,
            0.0
        ],
        [
            0.35340325703558906,
            0.0,
            0.0
        ],
        [
            0.3854399167660971,
            0.0,
            0.0
        ],
        [
            0.4174765764966052,
            0.0,
            0.0
        ],
        [
            0.4495132362271133,
            0.0,
            0.0
        ],
        [
            0.48154989595762143,
            0.0,
            0.0
        ],
        [
            0.5135865556881295,
            0.0,
            0.0
        ],
        [
            0.5456232154186376,
            0.0,
            0.0
        ],
        [
            0.5776598751491456,
            0.0,
            0.0
        ],
        [
            0.6096965348796538,
            0.0,
            0.0
        ],
        [
            0.6417331946101619,
            0.0,
            0.0
        ],
        [
            0.6737698543406699,
            0.0,
            0.0
        ],
        [
            0.7058065140711781,
            0.0,
            0.0
        ],
        [
            0.7378431738016862,
            0.0,
            0.0
        ],
        [
            0.7698798335321942,
            0.0,
            0.0
        ],
        [
            0.8019164932627023,
            0.0,
            0.0
        ],
        [
            0.8339531529932104,
            0.0,
            0.0
        ],
        [
            0.8659898127237186,
            0.0,
            0.0
        ],
        [
            0.8980264724542266,
            0.0,
            0.0
        ],
        [
            0.9300631321847347,
            0.0,
            0.0
        ],
        [
            0.9620997919152429,
            0.0,
            0.0
        ],
        [
            0.9941364516457509,
            0.0,
            0.0
        ],
        [
            1.0261731113762589,
            0.0,
            0.0
        ],
        [
            1.058209771106767,
            0.0,
            0.0
        ],
        [
            1.090246430837275,
            0.0,
            0.0
        ],
        [
            1.1222830905677832,
            0.0,
            0.0
        ],
        [
            1.1543197502982911,
            0.0,
            0.0
        ],
        [
            1.1863564100287993,
            0.0,
            0.0
        ],
        [
            1.2183930697593075,
            0.0,
            0.0
        ],
        [
            1.2504297294898155,
            0.0,
            0.0
        ],
        [
            1.2824663892203236,
            0.0,
            0.0
        ],
        [
            1.3145030489508318,
            0.0,
            0.0
        ],
        [
            1.3465397086813398,
            0.0,
            0.0
        ],
        [
            1.378576368411848,
            0.0,
            0.0
        ],
        [
            1.4106130281423561,
            0.0,
            0.0
        ],
        [
            1.442649687872864,
            0.0,
            0.0
        ],
        [
            1.4746863476033722,
            0.0,
            0.0
        ],
        [
            1.5067230073338802,
            0.0,
            0.0
        ],
        [
            1.5387596670643884,
            0.0,
            0.0
        ],
        [
            1.5707963267948966,
            0.0,
            0.0
        ]
    ],
    "Mkt": [
        0.9780874688049609,
        0.8730831979457586,
        0.6312365622226919,
        0.37311099187612595,
        0.1834766718915608,
        0.07729082858292406,
        0.029244763009690772,
        0.010714322468242448,
        0.004257550239148089,
        0.002131627219023224,
        0.0015604060456602285,
        0.0017428399395645268,
        0.0027765136064363347,
        0.005479394729566974,
        0.011671645843176951,
        0.024198701615683996,
        0.045542938510554805,
        0.0743613532260721,
        0.102339457461775,
        0.11663884215442322,
        0.10904850127263174,
        0.0833943677056527,
        0.05235190846681756,
        0.027271887101099266,
        0.012033795133329545,
        0.004657003649770511,
        0.0016729641672909572,
        0.000610195964106367,
        0.0002573254714195178,
        0.00014598851088369892,
        0.0001239442126645602,
        0.00015741775731693814,
        0.00026891053450463947,
        0.000535942822901302,
        0.0011010334844133382,
        0.0021344013862704334,
        0.003684113013072897,
        0.005456433715390177,
        0.006777090195759637,
        0.006966284705427968,
        0.005891984419513407,
        0.004103215101901872,
        0.002370511777424514,
        0.0011543531487718894,
        0.0004872668392613282,
        0.00018681534311710312,
        7.021641450510955e-05,
        2.908436816359193e-05,
        1.535192384528532e-05,
        1.1563584138086821e-05
    ]
}