{
    "D0": 2.5,
    "length": 10.0,
    "rho": 0.0,
    "time": 40.0,
    "k_samples": 50,
    "ka_max": 15.707963267948966,
    "k": [
        [
            0.001,
            0.0,
            0.0
        ],
        [
            0.033036659730508094,
            0.0,
            0.0
        ],
        [
            0.06507331946101619,
            0.0,
            0.0
        ],
        [
            0.09710997919152428,
            0.0,
            0.0
        ],
        [
            0.12914663892203238,
            0.0,
            0.0
        ],
        [
            0.16118329865254047,
            0.0,
            0.0
        ],
        [
            0.19321995838304856,
            0.0,
            0.0
        ],
        [
            0.22525661811355666,
            0.0,
            0.0
        ],
        [
            0.25729327784406475,
            0.0,
            0.0
        ],
        [
            0.2893299375745728,
            0.0,
            0.0
        ],
        [
            0.32136659730508094,
            0.0,
            0.0
        ],
        [
            0.35340325703558906,
            0.0,
            0.0
        ],
        [
            0.3854399167660971,
            0.0,
            0.0
        ],
        [
            0.4174765764966052,
            0.0,
            0.0
        ],
        [
            0.4495132362271133,
            0.0,
            0.0
        ],
        [
            0.48154989595762143,
            0.0,
            0.0
        ],
        [
            0.5135865556881295,
            0.0,
            0.0
        ],
        [
            0.5456232154186376,
            0.0,
            0.0
        ],
        [
            0.5776598751491456,
            0.0,
            0.0
        ],
        [
            0.6096965348796538,
            0.0,
            0.0
        ],
        [
            0.6417331946101619,
            0.0,
            0.0
        ],
        [
            0.6737698543406699,
            0.0,
            0.0
        ],
        [
            0.7058065140711781,
            0.0,
            0.0
        ],
        [
            0.7378431738016862,
            0.0,
            0.0
        ],
        [
            0.7698798335321942,
            0.0,
            0.0
        ],
        [
            0.8019164932627023,
            0.0,
            0.0
        ],
        [
            0.8339531529932104,
            0.0,
            0.0
        ],
        [
            0.8659898127237186,
            0.0,
            0.0
        ],
        [
            0.8980264724542266,
            0.0,
            0.0
        ],
        [
            0.9300631321847347,
            0.0,
            0.0
        ],
        [
            0.9620997919152429,
            0.0,
            0.0
        ],
        [
            0.9941364516457509,
            0.0,
            0.0
        ],
        [
            1.0261731113762589,
            0.0,
            0.0
        ],
        [
            1.058209771106767,
            0.0,
            0.0
        ],
        [
            1.090246430837275,
            0.0,
            0.0
        ],
        [
            1.1222830905677832,
            0.0,
            0.0
        ],
        [
            1.1543197502982911,
            0.0,
            0.0
        ],
        [
            1.1863564100287993,
            0.0,
            0.0
        ],
        [
            1.2183930697593075,
            0.0,
            0.0
        ],
        [
            1.2504297294898155,
            0.0,
            0.0
        ],
        [
            1.2824663892203236,
            0.0,
            0.0
        ],
        [
            1.3145030489508318,
            0.0,
            0.0
        ],
        [
            1.3465397086813398,
            0.0,
            0.0
        ],
        [
            1.378576368411848,
            0.0,
            0.0
        ],
        [
            1.4106130281423561,
            0.0,
            0.0
        ],
        [
            1.442649687872864,
            0.0,
            0.0
        ],
        [
            1.4746863476033722,
            0.0,
            0.0
        ],
        [
            1.5067230073338802,
            0.0,
            0.0
        ],
        [
            1.5387596670643884,
            0.0,
            0.0
        ],
        [
            1.5707963267948966,
            0.0,
            0.0
        ]
    ],
    "Mkt": [
        0.9781221852813542,
        0.9066375500561799,
        0.7299205545525811,
        0.5134992559787936,
        0.31924115937239755,
        0.17871574242330793,
        0.0928467351899077,
        0.04693669796566751,
        0.024786908719877106,
        0.015014761069152425,
        0.011433446254034231,
        0.011394825797971249,
        0.014305870152429548,
        0.020784003981450312,
        0.03203720695945499,
        0.0489704677408913,
        0.07081467613612873,
        0.09388257617121741,
        0.11179604827028032,
        0.11804820992516767,
        0.1097309185058697,
        0.08955080942847894,
        0.06426881881899645,
        0.04082745249931794,
        0.023254016238104976,
        0.012138127893046724,
        0.006016655014674806,
        0.002993602758840575,
        0.0016193220684809727,
        0.0010472655654356377,
        0.0008714245102317521,
        0.0009390202036195144,
        0.0012292020857683549,
        0.0017882351673673257,
        0.002672871379024843,
        0.003876052663992447,
        0.005246237207897805,
        0.006462044517321066,
        0.007128423601048918,
        0.006976071273251835,
        0.006029984861430407,
        0.00460405724864494,
        0.0031197804076482628,
        0.0018956196661477102,
        0.0010516638270660664,
        0.0005487037572255285,
        0.00028207794440642144,
        0.00015314615282328113,
        9.61181923447892e-05,
        7.610726926933507e-05
    ]
}