{
    "D0": 2.5,
    "length": 10.0,
    "rho": 0.0,
    "time": 100.0,
    "k_samples": 50,
    "ka_max": 15.707963267948966,
    "k": [
        [
            0.001,
            0.0,
            0.0
        ],
        [
            0.033036659730508094,
            0.0,
            0.0
        ],
        [
            0.06507331946101619,
            0.0,
            0.0
        ],
        [
            0.09710997919152428,
            0.0,
            0.0
        ],
        [
            0.12914663892203238,
            0.0,
            0.0
        ],
        [
            0.16118329865254047,
            0.0,
            0.0
        ],
        [
            0.19321995838304856,
            0.0,
            0.0
        ],
        [
            0.22525661811355666,
            0.0,
            0.0
        ],
        [
            0.25729327784406475,
            0.0,
            0.0
        ],
        [
            0.2893299375745728,
            0.0,
            0.0
        ],
        [
            0.32136659730508094,
            0.0,
            0.0
        ],
        [
            0.35340325703558906,
            0.0,
            0.0
        ],
        [
            0.3854399167660971,
            0.0,
            0.0
        ],
        [
            0.4174765764966052,
            0.0,
            0.0
        ],
        [
            0.4495132362271133,
            0.0,
            0.0
        ],
        [
            0.48154989595762143,
            0.0,
            0.0
        ],
        [
            0.5135865556881295,
            0.0,
            0.0
        ],
        [
            0.5456232154186376,
            0.0,
            0.0
        ],
        [
            0.5776598751491456,
            0.0,
            0.0
        ],
        [
            0.6096965348796538,
            0.0,
            0.0
        ],
        [
            0.6417331946101619,
            0.0,
            0.0
        ],
        [
            0.6737698543406699,
            0.0,
            0.0
        ],
        [
            0.7058065140711781,
            0.0,
            0.0
        ],
        [
            0.7378431738016862,
            0.0,
            0.0
        ],
        [
            0.7698798335321942,
            0.0,
            0.0
        ],
        [
            0.8019164932627023,
            0.0,
            0.0
        ],
        [
            0.8339531529932104,
            0.0,
            0.0
        ],
        [
            0.8659898127237186,
            0.0,
            0.0
        ],
        [
            0.8980264724542266,
            0.0,
            0.0
        ],
        [
            0.9300631321847347,
            0.0,
            0.0
        ],
        [
            0.9620997919152429,
            0.0,
            0.0
        ],
        [
            0.9941364516457509,
            0.0,
            0.0
        ],
        [
            1.0261731113762589,
            0.0,
            0.0
        ],
        [
            1.058209771106767,
            0.0,
            0.0
        ],
        [
            1.090246430837275,
            0.0,
            0.0
        ],
        [
            1.1222830905677832,
            0.0,
            0.0
        ],
        [
            1.1543197502982911,
            0.0,
            0.0
        ],
        [
            1.1863564100287993,
            0.0,
            0.0
        ],
        [
            1.2183930697593075,
            0.0,
            0.0
        ],
        [
            1.2504297294898155,
            0.0,
            0.0
        ],
        [
            1.2824663892203236,
            0.0,
            0.0
        ],
        [
            1.3145030489508318,
            0.0,
            0.0
        ],
        [
            1.3465397086813398,
            0.0,
            0.0
        ],
        [
            1.378576368411848,
            0.0,
            0.0
        ],
        [
            1.4106130281423561,
            0.0,
            0.0
        ],
        [
            1.442649687872864,
            0.0,
            0.0
        ],
        [
            1.4746863476033722,
            0.0,
            0.0
        ],
        [
            1.5067230073338802,
            0.0,
            0.0
        ],
        [
            1.5387596670643884,
            0.0,
            0.0
        ],
        [
            1.5707963267948966,
            0.0,
            0.0
        ]
    ],
    "Mkt": [
        0.9780181920990243,
        0.8096549615819768,
        0.4720931408483889,
        0.1969899682717414,
        0.06060983888985908,
        0.014461854273837435,
        0.002906587827871293,
        0.0005629371132380151,
        0.00012975738055433613,
        4.674411159618074e-05,
        3.89106291439307e-05,
        4.908643443750089e-05,
        0.0001115802918694114,
        0.0003865593195995661,
        0.001553510102371266,
        0.005911921052012293,
        0.018839030345783582,
        0.046653276952916406,
        0.08575924770029453,
        0.11387123808209908,
        0.1076970206937127,
        0.0723224816111174,
        0.034737720627055116,
        0.012169360160710158,
        0.0032239906765859482,
        0.000687381253317001,
        0.00013151487883126926,
        2.7635331857533192e-05,
        8.782752524329246e-06,
        5.074138860591844e-06,
        4.6037550442034106e-06,
        6.345524011230613e-06,
        1.4578758275886237e-05,
        4.955747639581271e-05,
        0.00018785558079773934,
        0.0006477992385975452,
        0.0018170163200080598,
        0.0038904576167055004,
        0.006125759139161451,
        0.006947124932854909,
        0.005625720132385326,
        0.003259237550386098,
        0.001368729727878774,
        0.00042831892929156597,
        0.00010509169839848802,
        2.237090349313142e-05,
        5.219628488955614e-06,
        1.995688119309588e-06,
        1.3653363799471633e-06,
        1.2375153984220244e-06
    ]
}