{
    "D0": 2.5,
    "length": 10.0,
    "rho": 0.0,
    "time": 0.1,
    "k_samples": 50,
    "ka_max": 15.707963267948966,
    "k": [
        [
            0.001,
            0.0,
            0.0
        ],
        [
            0.033036659730508094,
            0.0,
            0.0
        ],
        [
            0.06507331946101619,
            0.0,
            0.0
        ],
        [
            0.09710997919152428,
            0.0,
            0.0
        ],
        [
            0.12914663892203238,
            0.0,
            0.0
        ],
        [
            0.16118329865254047,
            0.0,
            0.0
        ],
        [
            0.19321995838304856,
            0.0,
            0.0
        ],
        [
            0.22525661811355666,
            0.0,
            0.0
        ],
        [
            0.25729327784406475,
            0.0,
            0.0
        ],
        [
            0.2893299375745728,
            0.0,
            0.0
        ],
        [
            0.32136659730508094,
            0.0,
            0.0
        ],
        [
            0.35340325703558906,
            0.0,
            0.0
        ],
        [
            0.3854399167660971,
            0.0,
            0.0
        ],
        [
            0.4174765764966052,
            0.0,
            0.0
        ],
        [
            0.4495132362271133,
            0.0,
            0.0
        ],
        [
            0.48154989595762143,
            0.0,
            0.0
        ],
        [
            0.5135865556881295,
            0.0,
            0.0
        ],
        [
            0.5456232154186376,
            0.0,
            0.0
        ],
        [
            0.5776598751491456,
            0.0,
            0.0
        ],
        [
            0.6096965348796538,
            0.0,
            0.0
        ],
        [
            0.6417331946101619,
            0.0,
            0.0
        ],
        [
            0.6737698543406699,
            0.0,
            0.0
        ],
        [
            0.7058065140711781,
            0.0,
            0.0
        ],
        [
            0.7378431738016862,
            0.0,
            0.0
        ],
        [
            0.7698798335321942,
            0.0,
            0.0
        ],
        [
            0.8019164932627023,
            0.0,
            0.0
        ],
        [
            0.8339531529932104,
            0.0,
            0.0
        ],
        [
            0.8659898127237186,
            0.0,
            0.0
        ],
        [
            0.8980264724542266,
            0.0,
            0.0
        ],
        [
            0.9300631321847347,
            0.0,
            0.0
        ],
        [
            0.9620997919152429,
            0.0,
            0.0
        ],
        [
            0.9941364516457509,
            0.0,
            0.0
        ],
        [
            1.0261731113762589,
            0.0,
            0.0
        ],
        [
            1.058209771106767,
            0.0,
            0.0
        ],
        [
            1.090246430837275,
            0.0,
            0.0
        ],
        [
            1.1222830905677832,
            0.0,
            0.0
        ],
        [
            1.1543197502982911,
            0.0,
            0.0
        ],
        [
            1.1863564100287993,
            0.0,
            0.0
        ],
        [
            1.2183930697593075,
            0.0,
            0.0
        ],
        [
            1.2504297294898155,
            0.0,
            0.0
        ],
        [
            1.2824663892203236,
            0.0,
            0.0
        ],
        [
            1.3145030489508318,
            0.0,
            0.0
        ],
        [
            1.3465397086813398,
            0.0,
            0.0
        ],
        [
            1.378576368411848,
            0.0,
            0.0
        ],
        [
            1.4106130281423561,
            0.0,
            0.0
        ],
        [
            1.442649687872864,
            0.0,
            0.0
        ],
        [
            1.4746863476033722,
            0.0,
            0.0
        ],
        [
            1.5067230073338802,
            0.0,
            0.0
        ],
        [
            1.5387596670643884,
            0.0,
            0.0
        ],
        [
            1.5707963267948966,
            0.0,
            0.0
        ]
    ],
    "Mkt": [
        0.9782036840815922,
        0.9779575383108623,
        0.9772483828180769,
        0.976077248578432,
        0.974445837045815,
        0.9723565159868638,
        0.969812313690584,
        0.9668169115717924,
        0.9633746351951391,
        0.9594904437499399,
        0.9551710851801006,
        0.9504198668260333,
        0.945245178341412,
        0.9396543879074812,
        0.9336554226888347,
        0.9272567499206305,
        0.9204673568017708,
        0.9132967292601906,
        0.9057548296619523,
        0.8978520735370922,
        0.8895993053993475,
        0.8810077737381499,
        0.8720891052647126,
        0.862855278494438,
        0.8533185967501722,
        0.8434916606722862,
        0.8333873403208163,
        0.823018746956985,
        0.812399204590379,
        0.8015422213786052,
        0.7904835987486918,
        0.7791938799619155,
        0.7677080365650796,
        0.7560400218928168,
        0.7442038311699112,
        0.732213473813487,
        0.7200829461559662,
        0.7078262046618445,
        0.6954571397075182,
        0.6829895499909434,
        0.6704371176340604,
        0.6578133840380362,
        0.6451317265465399,
        0.6324053359700039,
        0.6196471950180845,
        0.6068700576851374,
        0.5940864296279288,
        0.581308549571647,
        0.5685483717752768,
        0.555817549583388
    ]
}