{
    "D0": 2.5,
    "length": 1.0,
    "rho": 0.0,
    "time": 0.001,
    "k_samples": 50,
    "ka_max": 15.707963267948966,
    "k": [
        [
            0.01,
            0.0,
            0.0
        ],
        [
            0.33036659730508094,
            0.0,
            0.0
        ],
        [
            0.6507331946101619,
            0.0,
            0.0
        ],
        [
            0.9710997919152429,
            0.0,
            0.0
        ],
        [
            1.2914663892203238,
            0.0,
            0.0
        ],
        [
            1.6118329865254046,
            0.0,
            0.0
        ],
        [
            1.9321995838304857,
            0.0,
            0.0
        ],
        [
            2.2525661811355664,
            0.0,
            0.0
        ],
        [
            2.5729327784406473,
            0.0,
            0.0
        ],
        [
            2.893299375745728,
            0.0,
            0.0
        ],
        [
            3.213665973050809,
            0.0,
            0.0
        ],
        [
            3.53403257035589,
            0.0,
            0.0
        ],
        [
            3.8543991676609712,
            0.0,
            0.0
        ],
        [
            4.174765764966052,
            0.0,
            0.0
        ],
        [
            4.495132362271133,
            0.0,
            0.0
        ],
        [
            4.815498959576214,
            0.0,
            0.0
        ],
        [
            5.135865556881295,
            0.0,
            0.0
        ],
        [
            5.456232154186376,
            0.0,
            0.0
        ],
        [
            5.7765987514914565,
            0.0,
            0.0
        ],
        [
            6.096965348796537,
            0.0,
            0.0
        ],
        [
            6.417331946101618,
            0.0,
            0.0
        ],
        [
            6.737698543406699,
            0.0,
            0.0
        ],
        [
            7.05806514071178,
            0.0,
            0.0
        ],
        [
            7.378431738016861,
            0.0,
            0.0
        ],
        [
            7.698798335321943,
            0.0,
            0.0
        ],
        [
            8.019164932627023,
            0.0,
            0.0
        ],
        [
            8.339531529932104,
            0.0,
            0.0
        ],
        [
            8.659898127237184,
            0.0,
            0.0
        ],
        [
            8.980264724542266,
            0.0,
            0.0
        ],
        [
            9.300631321847346,
            0.0,
            0.0
        ],
        [
            9.620997919152428,
            0.0,
            0.0
        ],
        [
            9.941364516457508,
            0.0,
            0.0
        ],
        [
            10.26173111376259,
            0.0,
            0.0
        ],
        [
            10.582097711067671,
            0.0,
            0.0
        ],
        [
            10.902464308372751,
            0.0,
            0.0
        ],
        [
            11.222830905677833,
            0.0,
            0.0
        ],
        [
            11.543197502982913,
            0.0,
            0.0
        ],
        [
            11.863564100287995,
            0.0,
            0.0
        ],
        [
            12.183930697593075,
            0.0,
            0.0
        ],
        [
            12.504297294898157,
            0.0,
            0.0
        ],
        [
            12.824663892203237,
            0.0,
            0.0
        ],
        [
            13.145030489508319,
            0.0,
            0.0
        ],
        [
            13.465397086813399,
            0.0,
            0.0
        ],
        [
            13.78576368411848,
            0.0,
            0.0
        ],
        [
            14.10613028142356,
            0.0,
            0.0
        ],
        [
            14.426496878728642,
            0.0,
            0.0
        ],
        [
            14.746863476033722,
            0.0,
            0.0
        ],
        [
            15.067230073338804,
            0.0,
            0.0
        ],
        [
            15.387596670643886,
            0.0,
            0.0
        ],
        [
            15.707963267948966,
            0.0,
            0.0
        ]
    ],
    "Mkt": [
        0.9629977071215446,
        0.9627555020433458,
        0.9620576995177545,
        0.9609053130833367,
        0.9593000154176788,
        0.9572441342429038,
        0.9547406466335469,
        0.9517931717462987,
        0.9484059619969097,
        0.9445838927142188,
        0.9403619997986318,
        0.9356919604848799,
        0.9306056671537656,
        0.9251103597374237,
        0.9192138254121169,
        0.9129243799947122,
        0.9062508481766013,
        0.8992025426614747,
        0.8917892422762339,
        0.8840211691272798,
        0.8759089648775013,
        0.8674636662210632,
        0.8586966796356372,
        0.8496197554930838,
        0.8402449616111277,
        0.8305846563295449,
        0.8206514611950233,
        0.8104582333392866,
        0.8000180376350401,
        0.789344118713945,
        0.7791322513507776,
        0.7680623341959473,
        0.7567990832281317,
        0.7453561250551352,
        0.7337471283785428,
        0.7219857769983675,
        0.7100857432282376,
        0.6980606617917086,
        0.6859241042672471,
        0.6736895541466275,
        0.6613703825679325,
        0.6489798247812371,
        0.636530957401097,
        0.6240366764965506,
        0.6115096765651951,
        0.5989624304341513,
        0.5864071701265429,
        0.5738558687280336,
        0.5613202232838254,
        0.5488116387523082
    ]
}