{
    "D0": 2.5,
    "length": 1.0,
    "rho": 0.0,
    "time": 0.03,
    "k_samples": 50,
    "ka_max": 15.707963267948966,
    "k": [
        [
            0.01,
            0.0,
            0.0
        ],
        [
            0.33036659730508094,
            0.0,
            0.0
        ],
        [
            0.6507331946101619,
            0.0,
            0.0
        ],
        [
            0.9710997919152429,
            0.0,
            0.0
        ],
        [
            1.2914663892203238,
            0.0,
            0.0
        ],
        [
            1.6118329865254046,
            0.0,
            0.0
        ],
        [
            1.9321995838304857,
            0.0,
            0.0
        ],
        [
            2.2525661811355664,
            0.0,
            0.0
        ],
        [
            2.5729327784406473,
            0.0,
            0.0
        ],
        [
            2.893299375745728,
            0.0,
            0.0
        ],
        [
            3.213665973050809,
            0.0,
            0.0
        ],
        [
            3.53403257035589,
            0.0,
            0.0
        ],
        [
            3.8543991676609712,
            0.0,
            0.0
        ],
        [
            4.174765764966052,
            0.0,
            0.0
        ],
        [
            4.495132362271133,
            0.0,
            0.0
        ],
        [
            4.815498959576214,
            0.0,
            0.0
        ],
        [
            5.135865556881295,
            0.0,
            0.0
        ],
        [
            5.456232154186376,
            0.0,
            0.0
        ],
        [
            5.7765987514914565,
            0.0,
            0.0
        ],
        [
            6.096965348796537,
            0.0,
            0.0
        ],
        [
            6.417331946101618,
            0.0,
            0.0
        ],
        [
            6.737698543406699,
            0.0,
            0.0
        ],
        [
            7.05806514071178,
            0.0,
            0.0
        ],
        [
            7.378431738016861,
            0.0,
            0.0
        ],
        [
            7.698798335321943,
            0.0,
            0.0
        ],
        [
            8.019164932627023,
            0.0,
            0.0
        ],
        [
            8.339531529932104,
            0.0,
            0.0
        ],
        [
            8.659898127237184,
            0.0,
            0.0
        ],
        [
            8.980264724542266,
            0.0,
            0.0
        ],
        [
            9.300631321847346,
            0.0,
            0.0
        ],
        [
            9.620997919152428,
            0.0,
            0.0
        ],
        [
            9.941364516457508,
            0.0,
            0.0
        ],
        [
            10.26173111376259,
            0.0,
            0.0
        ],
        [
            10.582097711067671,
            0.0,
            0.0
        ],
        [
            10.902464308372751,
            0.0,
            0.0
        ],
        [
            11.222830905677833,
            0.0,
            0.0
        ],
        [
            11.543197502982913,
            0.0,
            0.0
        ],
        [
            11.863564100287995,
            0.0,
            0.0
        ],
        [
            12.183930697593075,
            0.0,
            0.0
        ],
        [
            12.504297294898157,
            0.0,
            0.0
        ],
        [
            12.824663892203237,
            0.0,
            0.0
        ],
        [
            13.145030489508319,
            0.0,
            0.0
        ],
        [
            13.465397086813399,
            0.0,
            0.0
        ],
        [
            13.78576368411848,
            0.0,
            0.0
        ],
        [
            14.10613028142356,
            0.0,
            0.0
        ],
        [
            14.426496878728642,
            0.0,
            0.0
        ],
        [
            14.746863476033722,
            0.0,
            0.0
        ],
        [
            15.067230073338804,
            0.0,
            0.0
        ],
        [
            15.387596670643886,
            0.0,
            0.0
        ],
        [
            15.707963267948966,
            0.0,
            0.0
        ]
    ],
    "Mkt": [
        0.9629837527295565,
        0.9571516672930312,
        0.9405723783035596,
        0.9139034217062193,
        0.8781805386892431,
        0.8347473039745059,
        0.7851666884848215,
        0.731122732266853,
        0.6743209999164111,
        0.6163960161881618,
        0.5582337747338526,
        0.5022735134291825,
        0.4489928623898718,
        0.3991537442874436,
        0.35325593804208766,
        0.3115574975450506,
        0.2741076396613979,
        0.24078732847335294,
        0.21135291843463333,
        0.18547880006569836,
        0.16279587258097178,
        0.14292369394560328,
        0.12549518892991873,
        0.1101737169641387,
        0.09666303806690799,
        0.08471122915754158,
        0.07410989113054545,
        0.06469007219450329,
        0.05631625554290386,
        0.048879568097732085,
        0.04243155156143515,
        0.03659074499784726,
        0.031458113623021096,
        0.026974373803047094,
        0.023083333906424166,
        0.019730587999681904,
        0.016863033836847157,
        0.01442896882397501,
        0.012378530753139726,
        0.010664285372681104,
        0.009241809643111333,
        0.008070169016331643,
        0.007112232797774676,
        0.006334809547883397,
        0.005708612652205916,
        0.00520808446312625,
        0.0048111168153579485,
        0.004498707954885365,
        0.004254592968406829,
        0.0040648785652599145
    ]
}