{
    "D0": 2.5,
    "length": 1.0,
    "rho": 0.0,
    "time": 0.1,
    "k_samples": 50,
    "ka_max": 15.707963267948966,
    "k": [
        [
            0.01,
            0.0,
            0.0
        ],
        [
            0.33036659730508094,
            0.0,
            0.0
        ],
        [
            0.6507331946101619,
            0.0,
            0.0
        ],
        [
            0.9710997919152429,
            0.0,
            0.0
        ],
        [
            1.2914663892203238,
            0.0,
            0.0
        ],
        [
            1.6118329865254046,
            0.0,
            0.0
        ],
        [
            1.9321995838304857,
            0.0,
            0.0
        ],
        [
            2.2525661811355664,
            0.0,
            0.0
        ],
        [
            2.5729327784406473,
            0.0,
            0.0
        ],
        [
            2.893299375745728,
            0.0,
            0.0
        ],
        [
            3.213665973050809,
            0.0,
            0.0
        ],
        [
            3.53403257035589,
            0.0,
            0.0
        ],
        [
            3.8543991676609712,
            0.0,
            0.0
        ],
        [
            4.174765764966052,
            0.0,
            0.0
        ],
        [
            4.495132362271133,
            0.0,
            0.0
        ],
        [
            4.815498959576214,
            0.0,
            0.0
        ],
        [
            5.135865556881295,
            0.0,
            0.0
        ],
        [
            5.456232154186376,
            0.0,
            0.0
        ],
        [
            5.7765987514914565,
            0.0,
            0.0
        ],
        [
            6.096965348796537,
            0.0,
            0.0
        ],
        [
            6.417331946101618,
            0.0,
            0.0
        ],
        [
            6.737698543406699,
            0.0,
            0.0
        ],
        [
            7.05806514071178,
            0.0,
            0.0
        ],
        [
            7.378431738016861,
            0.0,
            0.0
        ],
        [
            7.698798335321943,
            0.0,
            0.0
        ],
        [
            8.019164932627023,
            0.0,
            0.0
        ],
        [
            8.339531529932104,
            0.0,
            0.0
        ],
        [
            8.659898127237184,
            0.0,
            0.0
        ],
        [
            8.980264724542266,
            0.0,
            0.0
        ],
        [
            9.300631321847346,
            0.0,
            0.0
        ],
        [
            9.620997919152428,
            0.0,
            0.0
        ],
        [
            9.941364516457508,
            0.0,
            0.0
        ],
        [
            10.26173111376259,
            0.0,
            0.0
        ],
        [
            10.582097711067671,
            0.0,
            0.0
        ],
        [
            10.902464308372751,
            0.0,
            0.0
        ],
        [
            11.222830905677833,
            0.0,
            0.0
        ],
        [
            11.543197502982913,
            0.0,
            0.0
        ],
        [
            11.863564100287995,
            0.0,
            0.0
        ],
        [
            12.183930697593075,
            0.0,
            0.0
        ],
        [
            12.504297294898157,
            0.0,
            0.0
        ],
        [
            12.824663892203237,
            0.0,
            0.0
        ],
        [
            13.145030489508319,
            0.0,
            0.0
        ],
        [
            13.465397086813399,
            0.0,
            0.0
        ],
        [
            13.78576368411848,
            0.0,
            0.0
        ],
        [
            14.10613028142356,
            0.0,
            0.0
        ],
        [
            14.426496878728642,
            0.0,
            0.0
        ],
        [
            14.746863476033722,
            0.0,
            0.0
        ],
        [
            15.067230073338804,
            0.0,
            0.0
        ],
        [
            15.387596670643886,
            0.0,
            0.0
        ],
        [
            15.707963267948966,
            0.0,
            0.0
        ]
    ],
    "Mkt": [
        0.9629639845893189,
        0.9448568220773539,
        0.8948813510980281,
        0.8190333921980573,
        0.7258656971175453,
        0.6248900384895874,
        0.5250002149685352,
        0.43327337514375236,
        0.3543441319926268,
        0.2903552693547591,
        0.24083853004811506,
        0.20543087256424178,
        0.18117788816325944,
        0.16538593476755528,
        0.15539557806256524,
        0.1488109073209736,
        0.14362607744894737,
        0.13829142439056424,
        0.13174523799297141,
        0.12341772448922324,
        0.11320127917328963,
        0.10138014057541402,
        0.08852092755155551,
        0.0753376517232537,
        0.06255396943640701,
        0.05078727526745891,
        0.04047307356314181,
        0.03183670873395618,
        0.024907543559008583,
        0.019562136419531594,
        0.01565286585330501,
        0.012767851768610611,
        0.01071664254834573,
        0.009261043438281666,
        0.008204547634113874,
        0.007396242480588398,
        0.006728221228436968,
        0.006129703599863339,
        0.005559957287491412,
        0.005001140331652875,
        0.004451583632237444,
        0.003919780077242117,
        0.0034192914471438394,
        0.002964768303311186,
        0.002569206207758631,
        0.0022424176580196024,
        0.001990524080644213,
        0.0018161277664098462,
        0.001718760390169155,
        0.0016952453389577798
    ]
}