{
    "D0": 2.5,
    "length": 1.0,
    "rho": 0.0,
    "time": 0.6,
    "k_samples": 50,
    "ka_max": 15.707963267948966,
    "k": [
        [
            0.01,
            0.0,
            0.0
        ],
        [
            0.33036659730508094,
            0.0,
            0.0
        ],
        [
            0.6507331946101619,
            0.0,
            0.0
        ],
        [
            0.9710997919152429,
            0.0,
            0.0
        ],
        [
            1.2914663892203238,
            0.0,
            0.0
        ],
        [
            1.6118329865254046,
            0.0,
            0.0
        ],
        [
            1.9321995838304857,
            0.0,
            0.0
        ],
        [
            2.2525661811355664,
            0.0,
            0.0
        ],
        [
            2.5729327784406473,
            0.0,
            0.0
        ],
        [
            2.893299375745728,
            0.0,
            0.0
        ],
        [
            3.213665973050809,
            0.0,
            0.0
        ],
        [
            3.53403257035589,
            0.0,
            0.0
        ],
        [
            3.8543991676609712,
            0.0,
            0.0
        ],
        [
            4.174765764966052,
            0.0,
            0.0
        ],
        [
            4.495132362271133,
            0.0,
            0.0
        ],
        [
            4.815498959576214,
            0.0,
            0.0
        ],
        [
            5.135865556881295,
            0.0,
            0.0
        ],
        [
            5.456232154186376,
            0.0,
            0.0
        ],
        [
            5.7765987514914565,
            0.0,
            0.0
        ],
        [
            6.096965348796537,
            0.0,
            0.0
        ],
        [
            6.417331946101618,
            0.0,
            0.0
        ],
        [
            6.737698543406699,
            0.0,
            0.0
        ],
        [
            7.05806514071178,
            0.0,
            0.0
        ],
        [
            7.378431738016861,
            0.0,
            0.0
        ],
        [
            7.698798335321943,
            0.0,
            0.0
        ],
        [
            8.019164932627023,
            0.0,
            0.0
        ],
        [
            8.339531529932104,
            0.0,
            0.0
        ],
        [
            8.659898127237184,
            0.0,
            0.0
        ],
        [
            8.980264724542266,
            0.0,
            0.0
        ],
        [
            9.300631321847346,
            0.0,
            0.0
        ],
        [
            9.620997919152428,
            0.0,
            0.0
        ],
        [
            9.941364516457508,
            0.0,
            0.0
        ],
        [
            10.26173111376259,
            0.0,
            0.0
        ],
        [
            10.582097711067671,
            0.0,
            0.0
        ],
        [
            10.902464308372751,
            0.0,
            0.0
        ],
        [
            11.222830905677833,
            0.0,
            0.0
        ],
        [
            11.543197502982913,
            0.0,
            0.0
        ],
        [
            11.863564100287995,
            0.0,
            0.0
        ],
        [
            12.183930697593075,
            0.0,
            0.0
        ],
        [
            12.504297294898157,
            0.0,
            0.0
        ],
        [
            12.824663892203237,
            0.0,
            0.0
        ],
        [
            13.145030489508319,
            0.0,
            0.0
        ],
        [
            13.465397086813399,
            0.0,
            0.0
        ],
        [
            13.78576368411848,
            0.0,
            0.0
        ],
        [
            14.10613028142356,
            0.0,
            0.0
        ],
        [
            14.426496878728642,
            0.0,
            0.0
        ],
        [
            14.746863476033722,
            0.0,
            0.0
        ],
        [
            15.067230073338804,
            0.0,
            0.0
        ],
        [
            15.387596670643886,
            0.0,
            0.0
        ],
        [
            15.707963267948966,
            0.0,
            0.0
        ]
    ],
    "Mkt": [
        0.9628727883634521,
        0.8617731895358937,
        0.6278871377744365,
        0.37603376174646624,
        0.1884715991098875,
        0.08145771949768259,
        0.03184713605471608,
        0.012135113353088535,
        0.005029566755132801,
        0.0026087458664925587,
        0.0019140573536003604,
        0.0021259611301897127,
        0.0033104163430841054,
        0.006335512765304201,
        0.013084632781853772,
        0.026398141476113822,
        0.04857960212010418,
        0.0779414172750414,
        0.10589502284256914,
        0.11967012986529504,
        0.11139946629249158,
        0.08517158896756304,
        0.05367546790394314,
        0.028190446105927983,
        0.012597783707408302,
        0.004960829131239111,
        0.0018216558233361906,
        0.0006811430980745766,
        0.0002935201849118727,
        0.00016716151237369597,
        0.00013461975937918493,
        0.00016166676317109105,
        0.00025740980312638186,
        0.0004779668852378686,
        0.0009216116366161913,
        0.0016937867422648994,
        0.002800962865655559,
        0.004015684748728246,
        0.00487749230752596,
        0.004953784282276053,
        0.00418477131602319,
        0.0029452243017176194,
        0.0017427850164684266,
        0.0008834482102351814,
        0.0003964953788415886,
        0.00016658753082924354,
        7.171414948915558e-05,
        3.577970651088749e-05,
        2.3062614193907316e-05,
        1.9947165377271296e-05
    ]
}