{
    "D0": 2.5,
    "length": 1.0,
    "rho": 0.0,
    "time": 1.0,
    "k_samples": 50,
    "ka_max": 15.707963267948966,
    "k": [
        [
            0.01,
            0.0,
            0.0
        ],
        [
            0.33036659730508094,
            0.0,
            0.0
        ],
        [
            0.6507331946101619,
            0.0,
            0.0
        ],
        [
            0.9710997919152429,
            0.0,
            0.0
        ],
        [
            1.2914663892203238,
            0.0,
            0.0
        ],
        [
            1.6118329865254046,
            0.0,
            0.0
        ],
        [
            1.9321995838304857,
            0.0,
            0.0
        ],
        [
            2.2525661811355664,
            0.0,
            0.0
        ],
        [
            2.5729327784406473,
            0.0,
            0.0
        ],
        [
            2.893299375745728,
            0.0,
            0.0
        ],
        [
            3.213665973050809,
            0.0,
            0.0
        ],
        [
            3.53403257035589,
            0.0,
            0.0
        ],
        [
            3.8543991676609712,
            0.0,
            0.0
        ],
        [
            4.174765764966052,
            0.0,
            0.0
        ],
        [
            4.495132362271133,
            0.0,
            0.0
        ],
        [
            4.815498959576214,
            0.0,
            0.0
        ],
        [
            5.135865556881295,
            0.0,
            0.0
        ],
        [
            5.456232154186376,
            0.0,
            0.0
        ],
        [
            5.7765987514914565,
            0.0,
            0.0
        ],
        [
            6.096965348796537,
            0.0,
            0.0
        ],
        [
            6.417331946101618,
            0.0,
            0.0
        ],
        [
            6.737698543406699,
            0.0,
            0.0
        ],
        [
            7.05806514071178,
            0.0,
            0.0
        ],
        [
            7.378431738016861,
            0.0,
            0.0
        ],
        [
            7.698798335321943,
            0.0,
            0.0
        ],
        [
            8.019164932627023,
            0.0,
            0.0
        ],
        [
            8.339531529932104,
            0.0,
            0.0
        ],
        [
            8.659898127237184,
            0.0,
            0.0
        ],
        [
            8.980264724542266,
            0.0,
            0.0
        ],
        [
            9.300631321847346,
            0.0,
            0.0
        ],
        [
            9.620997919152428,
            0.0,
            0.0
        ],
        [
            9.941364516457508,
            0.0,
            0.0
        ],
        [
            10.26173111376259,
            0.0,
            0.0
        ],
        [
            10.582097711067671,
            0.0,
            0.0
        ],
        [
            10.902464308372751,
            0.0,
            0.0
        ],
        [
            11.222830905677833,
            0.0,
            0.0
        ],
        [
            11.543197502982913,
            0.0,
            0.0
        ],
        [
            11.863564100287995,
            0.0,
            0.0
        ],
        [
            12.183930697593075,
            0.0,
            0.0
        ],
        [
            12.504297294898157,
            0.0,
            0.0
        ],
        [
            12.824663892203237,
            0.0,
            0.0
        ],
        [
            13.145030489508319,
            0.0,
            0.0
        ],
        [
            13.465397086813399,
            0.0,
            0.0
        ],
        [
            13.78576368411848,
            0.0,
            0.0
        ],
        [
            14.10613028142356,
            0.0,
            0.0
        ],
        [
            14.426496878728642,
            0.0,
            0.0
        ],
        [
            14.746863476033722,
            0.0,
            0.0
        ],
        [
            15.067230073338804,
            0.0,
            0.0
        ],
        [
            15.387596670643886,
            0.0,
            0.0
        ],
        [
            15.707963267948966,
            0.0,
            0.0
        ]
    ],
    "Mkt": [
        0.9628075352406504,
        0.8006102585227965,
        0.472927016403168,
        0.20175720855366827,
        0.06411610675729522,
        0.01598852366853746,
        0.003407667134497502,
        0.0007141683175261012,
        0.0001828180172167329,
        7.29938394522134e-05,
        4.099082556004388e-05,
        5.6487035912140655e-05,
        0.0001386003611254047,
        0.00047743914578668716,
        0.0018393324220175578,
        0.006694169249582238,
        0.02055080263629028,
        0.0494614907978653,
        0.08911429954791551,
        0.11689646653774198,
        0.11005316778795972,
        0.0741210062430288,
        0.035983016327139405,
        0.012847917060332717,
        0.0035036505092359916,
        0.0007800475570958036,
        0.0001607110237538624,
        3.9203552058547636e-05,
        1.5601240626648037e-05,
        1.037475120540494e-05,
        6.135709672964243e-06,
        7.97021095568993e-06,
        1.6148777321329098e-05,
        4.828664798997266e-05,
        0.00016586458291896952,
        0.0005307768304219697,
        0.0014060296937885943,
        0.002886172985302418,
        0.0044184342264711,
        0.004939841873425696,
        0.004000278996821687,
        0.002353922640193999,
        0.0010227817848821015,
        0.000339959948805119,
        9.339035394972838e-05,
        2.5661641184240624e-05,
        1.0175007695416991e-05,
        6.835694758097495e-06,
        6.041631690264939e-06,
        5.832081652332347e-06
    ]
}